"","record","date","price","likes","dislikes","followers","price_num"
"1",0,2019-01-02,"$ 998.94 CAD",9002,402,15004,998.94
"2",1,2019-01-03,"$ 998.41 CAD",9003,403,15006,998.41
"3",2,2019-01-04,"$ 997.88 CAD",9004,404,15008,997.88
"4",3,2019-01-05,"$ 997.35 CAD",9005,405,15010,997.35
"5",4,2019-01-06,"$ 996.82 CAD",9006,406,15012,996.82
"6",5,2019-01-07,"$ 996.29 CAD",9007,407,15014,996.29
"7",6,2019-01-08,"$ 995.76 CAD",9008,408,15016,995.76
"8",7,2019-01-09,"$ 995.23 CAD",9009,409,15018,995.23
"9",8,2019-01-10,"$ 994.7 CAD",9010,410,15020,994.7
"10",9,2019-01-11,"$ 994.17 CAD",9011,411,15022,994.17
"11",10,2019-01-12,"$ 993.64 CAD",9012,412,15024,993.64
"12",11,2019-01-13,"$ 993.11 CAD",9013,413,15026,993.11
"13",12,2019-01-14,"$ 992.58 CAD",9014,414,15028,992.58
"14",13,2019-01-15,"$ 992.05 CAD",9015,415,15030,992.05
"15",14,2019-01-16,"$ 991.52 CAD",9016,416,15032,991.52
"16",15,2019-01-17,"$ 990.99 CAD",9017,417,15034,990.99
"17",16,2019-01-18,"$ 990.46 CAD",9018,418,15036,990.46
"18",17,2019-01-19,"$ 989.93 CAD",9019,419,15038,989.93
"19",18,2019-01-20,"$ 989.4 CAD",9020,420,15040,989.4
"20",19,2019-01-21,"$ 988.87 CAD",9021,421,15042,988.87
"21",20,2019-01-22,"$ 988.34 CAD",9022,422,15044,988.34
"22",21,2019-01-23,"$ 987.81 CAD",9023,423,15046,987.81
"23",22,2019-01-24,"$ 987.28 CAD",9024,424,15048,987.28
"24",23,2019-01-25,"$ 986.75 CAD",9025,425,15050,986.75
"25",24,2019-01-26,"$ 986.22 CAD",9026,426,15052,986.22
"26",25,2019-01-27,"$ 985.69 CAD",9027,427,15054,985.69
"27",26,2019-01-28,"$ 985.16 CAD",9028,428,15056,985.16
"28",27,2019-01-29,"$ 984.63 CAD",9029,429,15058,984.63
"29",28,2019-01-30,"$ 984.1 CAD",9030,430,15060,984.1
"30",29,2019-01-31,"$ 983.57 CAD",9031,431,15062,983.57
"31",30,2019-02-01,"$ 983.04 CAD",9032,432,15064,983.04
"32",31,2019-02-02,"$ 982.51 CAD",9033,433,15066,982.51
"33",32,2019-02-03,"$ 981.98 CAD",9034,434,15068,981.98
"34",33,2019-02-04,"$ 981.45 CAD",9035,435,15070,981.45
"35",34,2019-02-05,"$ 980.92 CAD",9036,436,15072,980.92
"36",35,2019-02-06,"$ 980.39 CAD",9037,437,15074,980.39
"37",36,2019-02-07,"$ 979.86 CAD",9038,438,15076,979.86
"38",37,2019-02-08,"$ 979.33 CAD",9039,439,15078,979.33
"39",38,2019-02-09,"$ 978.8 CAD",9040,440,15080,978.8
"40",39,2019-02-10,"$ 978.27 CAD",9041,441,15082,978.27
"41",40,2019-02-11,"$ 977.74 CAD",9042,442,15084,977.74
"42",41,2019-02-12,"$ 977.21 CAD",9043,443,15086,977.21
"43",42,2019-02-13,"$ 976.68 CAD",9044,444,15088,976.68
"44",43,2019-02-14,"$ 976.15 CAD",9045,445,15090,976.15
"45",44,2019-02-15,"$ 975.62 CAD",9046,446,15092,975.62
"46",45,2019-02-16,"$ 975.09 CAD",9047,447,15094,975.09
"47",46,2019-02-17,"$ 974.56 CAD",9048,448,15096,974.56
"48",47,2019-02-18,"$ 974.03 CAD",9049,449,15098,974.03
"49",48,2019-02-19,"$ 973.5 CAD",9050,450,15100,973.5
"50",49,2019-02-20,"$ 972.97 CAD",9051,451,15102,972.97
"51",50,2019-02-21,"$ 972.44 CAD",9052,452,15104,972.44
"52",51,2019-02-22,"$ 971.91 CAD",9053,453,15106,971.91
"53",52,2019-02-23,"$ 971.38 CAD",9054,454,15108,971.38
"54",53,2019-02-24,"$ 970.85 CAD",9055,455,15110,970.85
"55",54,2019-02-25,"$ 970.32 CAD",9056,456,15112,970.32
"56",55,2019-02-26,"$ 969.79 CAD",9057,457,15114,969.79
"57",56,2019-02-27,"$ 969.26 CAD",9058,458,15116,969.26
"58",57,2019-02-28,"$ 968.73 CAD",9059,459,15118,968.73
"59",58,2019-03-01,"$ 968.2 CAD",9060,460,15120,968.2
"60",59,2019-03-02,"$ 967.67 CAD",9061,461,15122,967.67
"61",60,2019-03-03,"$ 967.14 CAD",9062,462,15124,967.14
"62",61,2019-03-04,"$ 966.61 CAD",9063,463,15126,966.61
"63",62,2019-03-05,"$ 966.08 CAD",9064,464,15128,966.08
"64",63,2019-03-06,"$ 965.55 CAD",9065,465,15130,965.55
"65",64,2019-03-07,"$ 965.02 CAD",9066,466,15132,965.02
"66",65,2019-03-08,"$ 964.49 CAD",9067,467,15134,964.49
"67",66,2019-03-09,"$ 963.96 CAD",9068,468,15136,963.96
"68",67,2019-03-10,"$ 963.43 CAD",9069,469,15138,963.43
"69",68,2019-03-11,"$ 962.9 CAD",9070,470,15140,962.9
"70",69,2019-03-12,"$ 962.37 CAD",9071,471,15142,962.37
"71",70,2019-03-13,"$ 961.84 CAD",9072,472,15144,961.84
"72",71,2019-03-14,"$ 961.31 CAD",9073,473,15146,961.31
"73",72,2019-03-15,"$ 960.78 CAD",9074,474,15148,960.78
"74",73,2019-03-16,"$ 960.25 CAD",9075,475,15150,960.25
"75",74,2019-03-17,"$ 959.72 CAD",9076,476,15152,959.72
"76",75,2019-03-18,"$ 959.19 CAD",9077,477,15154,959.19
"77",76,2019-03-19,"$ 958.66 CAD",9078,478,15156,958.66
"78",77,2019-03-20,"$ 958.13 CAD",9079,479,15158,958.13
"79",78,2019-03-21,"$ 957.6 CAD",9080,480,15160,957.6
"80",79,2019-03-22,"$ 957.07 CAD",9081,481,15162,957.07
"81",80,2019-03-23,"$ 956.54 CAD",9082,482,15164,956.54
"82",81,2019-03-24,"$ 956.01 CAD",9083,483,15166,956.01
"83",82,2019-03-25,"$ 955.48 CAD",9084,484,15168,955.48
"84",83,2019-03-26,"$ 954.95 CAD",9085,485,15170,954.95
"85",84,2019-03-27,"$ 954.42 CAD",9086,486,15172,954.42
"86",85,2019-03-28,"$ 953.89 CAD",9087,487,15174,953.89
"87",86,2019-03-29,"$ 953.36 CAD",9088,488,15176,953.36
"88",87,2019-03-30,"$ 952.83 CAD",9089,489,15178,952.83
"89",88,2019-03-31,"$ 952.3 CAD",9090,490,15180,952.3
"90",89,2019-04-01,"$ 951.77 CAD",9091,491,15182,951.77
"91",90,2019-04-02,"$ 951.24 CAD",9092,492,15184,951.24
"92",91,2019-04-03,"$ 950.71 CAD",9093,493,15186,950.71
"93",92,2019-04-04,"$ 950.18 CAD",9094,494,15188,950.18
"94",93,2019-04-05,"$ 949.65 CAD",9095,495,15190,949.65
"95",94,2019-04-06,"$ 949.12 CAD",9096,496,15192,949.12
"96",95,2019-04-07,"$ 948.59 CAD",9097,497,15194,948.59
"97",96,2019-04-08,"$ 948.06 CAD",9098,498,15196,948.06
"98",97,2019-04-09,"$ 947.53 CAD",9099,499,15198,947.53
"99",98,2019-04-10,"$ 947.0 CAD",9100,500,15200,947
"100",99,2019-04-11,"$ 946.47 CAD",9101,501,15202,946.47
"101",100,2019-04-12,"$ 945.94 CAD",9102,502,15204,945.94
"102",101,2019-04-13,"$ 945.41 CAD",9103,503,15206,945.41
"103",102,2019-04-14,"$ 944.88 CAD",9104,504,15208,944.88
"104",103,2019-04-15,"$ 944.35 CAD",9105,505,15210,944.35
"105",104,2019-04-16,"$ 943.82 CAD",9106,506,15212,943.82
"106",105,2019-04-17,"$ 943.29 CAD",9107,507,15214,943.29
"107",106,2019-04-18,"$ 942.76 CAD",9108,508,15216,942.76
"108",107,2019-04-19,"$ 942.23 CAD",9109,509,15218,942.23
"109",108,2019-04-20,"$ 941.7 CAD",9110,510,15220,941.7
"110",109,2019-04-21,"$ 941.17 CAD",9111,511,15222,941.17
"111",110,2019-04-22,"$ 940.64 CAD",9112,512,15224,940.64
"112",111,2019-04-23,"$ 940.11 CAD",9113,513,15226,940.11
"113",112,2019-04-24,"$ 939.58 CAD",9114,514,15228,939.58
"114",113,2019-04-25,"$ 939.05 CAD",9115,515,15230,939.05
"115",114,2019-04-26,"$ 938.52 CAD",9116,516,15232,938.52
"116",115,2019-04-27,"$ 937.99 CAD",9117,517,15234,937.99
"117",116,2019-04-28,"$ 937.46 CAD",9118,518,15236,937.46
"118",117,2019-04-29,"$ 936.93 CAD",9119,519,15238,936.93
"119",118,2019-04-30,"$ 936.4 CAD",9120,520,15240,936.4
"120",119,2019-05-01,"$ 935.87 CAD",9121,521,15242,935.87
"121",120,2019-05-02,"$ 935.34 CAD",9122,522,15244,935.34
"122",121,2019-05-03,"$ 934.81 CAD",9123,523,15246,934.81
"123",122,2019-05-04,"$ 934.28 CAD",9124,524,15248,934.28
"124",123,2019-05-05,"$ 933.75 CAD",9125,525,15250,933.75
"125",124,2019-05-06,"$ 933.22 CAD",9126,526,15252,933.22
"126",125,2019-05-07,"$ 932.69 CAD",9127,527,15254,932.69
"127",126,2019-05-08,"$ 932.16 CAD",9128,528,15256,932.16
"128",127,2019-05-09,"$ 931.63 CAD",9129,529,15258,931.63
"129",128,2019-05-10,"$ 931.1 CAD",9130,530,15260,931.1
"130",129,2019-05-11,"$ 930.57 CAD",9131,531,15262,930.57
"131",130,2019-05-12,"$ 930.04 CAD",9132,532,15264,930.04
"132",131,2019-05-13,"$ 929.51 CAD",9133,533,15266,929.51
"133",132,2019-05-14,"$ 928.98 CAD",9134,534,15268,928.98
"134",133,2019-05-15,"$ 928.45 CAD",9135,535,15270,928.45
"135",134,2019-05-16,"$ 927.92 CAD",9136,536,15272,927.92
"136",135,2019-05-17,"$ 927.39 CAD",9137,537,15274,927.39
"137",136,2019-05-18,"$ 926.86 CAD",9138,538,15276,926.86
"138",137,2019-05-19,"$ 926.33 CAD",9139,539,15278,926.33
"139",138,2019-05-20,"$ 925.8 CAD",9140,540,15280,925.8
"140",139,2019-05-21,"$ 925.27 CAD",9141,541,15282,925.27
"141",140,2019-05-22,"$ 924.74 CAD",9142,542,15284,924.74
"142",141,2019-05-23,"$ 924.21 CAD",9143,543,15286,924.21
"143",142,2019-05-24,"$ 923.68 CAD",9144,544,15288,923.68
"144",143,2019-05-25,"$ 923.15 CAD",9145,545,15290,923.15
"145",144,2019-05-26,"$ 922.62 CAD",9146,546,15292,922.62
"146",145,2019-05-27,"$ 922.09 CAD",9147,547,15294,922.09
"147",146,2019-05-28,"$ 921.56 CAD",9148,548,15296,921.56
"148",147,2019-05-29,"$ 921.03 CAD",9149,549,15298,921.03
"149",148,2019-05-30,"$ 920.5 CAD",9150,550,15300,920.5
"150",149,2019-05-31,"$ 919.97 CAD",9151,551,15302,919.97
"151",150,2019-06-01,"$ 919.44 CAD",9152,552,15304,919.44
"152",151,2019-06-02,"$ 918.91 CAD",9153,553,15306,918.91
"153",152,2019-06-03,"$ 918.38 CAD",9154,554,15308,918.38
"154",153,2019-06-04,"$ 917.85 CAD",9155,555,15310,917.85
"155",154,2019-06-05,"$ 917.32 CAD",9156,556,15312,917.32
"156",155,2019-06-06,"$ 916.79 CAD",9157,557,15314,916.79
"157",156,2019-06-07,"$ 916.26 CAD",9158,558,15316,916.26
"158",157,2019-06-08,"$ 915.73 CAD",9159,559,15318,915.73
"159",158,2019-06-09,"$ 915.2 CAD",9160,560,15320,915.2
"160",159,2019-06-10,"$ 914.67 CAD",9161,561,15322,914.67
"161",160,2019-06-11,"$ 914.14 CAD",9162,562,15324,914.14
"162",161,2019-06-12,"$ 913.61 CAD",9163,563,15326,913.61
"163",162,2019-06-13,"$ 913.08 CAD",9164,564,15328,913.08
"164",163,2019-06-14,"$ 912.55 CAD",9165,565,15330,912.55
"165",164,2019-06-15,"$ 912.02 CAD",9166,566,15332,912.02
"166",165,2019-06-16,"$ 911.49 CAD",9167,567,15334,911.49
"167",166,2019-06-17,"$ 910.96 CAD",9168,568,15336,910.96
"168",167,2019-06-18,"$ 910.43 CAD",9169,569,15338,910.43
"169",168,2019-06-19,"$ 909.9 CAD",9170,570,15340,909.9
"170",169,2019-06-20,"$ 909.37 CAD",9171,571,15342,909.37
"171",170,2019-06-21,"$ 908.84 CAD",9172,572,15344,908.84
"172",171,2019-06-22,"$ 908.31 CAD",9173,573,15346,908.31
"173",172,2019-06-23,"$ 907.78 CAD",9174,574,15348,907.78
"174",173,2019-06-24,"$ 907.25 CAD",9175,575,15350,907.25
"175",174,2019-06-25,"$ 906.72 CAD",9176,576,15352,906.72
"176",175,2019-06-26,"$ 906.19 CAD",9177,577,15354,906.19
"177",176,2019-06-27,"$ 905.66 CAD",9178,578,15356,905.66
"178",177,2019-06-28,"$ 905.13 CAD",9179,579,15358,905.13
"179",178,2019-06-29,"$ 904.6 CAD",9180,580,15360,904.6
"180",179,2019-06-30,"$ 904.07 CAD",9181,581,15362,904.07
"181",180,2019-07-01,"$ 903.54 CAD",9182,582,15364,903.54
"182",181,2019-07-02,"$ 903.01 CAD",9183,583,15366,903.01
"183",182,2019-07-03,"$ 902.48 CAD",9184,584,15368,902.48
"184",183,2019-07-04,"$ 901.95 CAD",9185,585,15370,901.95
"185",184,2019-07-05,"$ 901.42 CAD",9186,586,15372,901.42
"186",185,2019-07-06,"$ 900.89 CAD",9187,587,15374,900.89
"187",186,2019-07-07,"$ 900.36 CAD",9188,588,15376,900.36
"188",187,2019-07-08,"$ 899.83 CAD",9189,589,15378,899.83
"189",188,2019-07-09,"$ 899.3 CAD",9190,590,15380,899.3
"190",189,2019-07-10,"$ 898.77 CAD",9191,591,15382,898.77
"191",190,2019-07-11,"$ 898.24 CAD",9192,592,15384,898.24
"192",191,2019-07-12,"$ 897.71 CAD",9193,593,15386,897.71
"193",192,2019-07-13,"$ 897.18 CAD",9194,594,15388,897.18
"194",193,2019-07-14,"$ 896.65 CAD",9195,595,15390,896.65
"195",194,2019-07-15,"$ 896.12 CAD",9196,596,15392,896.12
"196",195,2019-07-16,"$ 895.59 CAD",9197,597,15394,895.59
"197",196,2019-07-17,"$ 895.06 CAD",9198,598,15396,895.06
"198",197,2019-07-18,"$ 894.53 CAD",9199,599,15398,894.53
"199",198,2019-07-19,"$ 894.0 CAD",9200,600,15400,894
"200",199,2019-07-20,"$ 893.47 CAD",9201,601,15402,893.47
"201",200,2019-07-21,"$ 892.94 CAD",9202,602,15404,892.94
"202",201,2019-07-22,"$ 892.41 CAD",9203,603,15406,892.41
"203",202,2019-07-23,"$ 891.88 CAD",9204,604,15408,891.88
"204",203,2019-07-24,"$ 891.35 CAD",9205,605,15410,891.35
"205",204,2019-07-25,"$ 890.82 CAD",9206,606,15412,890.82
"206",205,2019-07-26,"$ 890.29 CAD",9207,607,15414,890.29
"207",206,2019-07-27,"$ 889.76 CAD",9208,608,15416,889.76
"208",207,2019-07-28,"$ 889.23 CAD",9209,609,15418,889.23
"209",208,2019-07-29,"$ 888.7 CAD",9210,610,15420,888.7
"210",209,2019-07-30,"$ 888.17 CAD",9211,611,15422,888.17
"211",210,2019-07-31,"$ 887.64 CAD",9212,612,15424,887.64
"212",211,2019-08-01,"$ 887.11 CAD",9213,613,15426,887.11
"213",212,2019-08-02,"$ 886.58 CAD",9214,614,15428,886.58
"214",213,2019-08-03,"$ 886.05 CAD",9215,615,15430,886.05
"215",214,2019-08-04,"$ 885.52 CAD",9216,616,15432,885.52
"216",215,2019-08-05,"$ 884.99 CAD",9217,617,15434,884.99
"217",216,2019-08-06,"$ 884.46 CAD",9218,618,15436,884.46
"218",217,2019-08-07,"$ 883.93 CAD",9219,619,15438,883.93
"219",218,2019-08-08,"$ 883.4 CAD",9220,620,15440,883.4
"220",219,2019-08-09,"$ 882.87 CAD",9221,621,15442,882.87
"221",220,2019-08-10,"$ 882.34 CAD",9222,622,15444,882.34
"222",221,2019-08-11,"$ 881.81 CAD",9223,623,15446,881.81
"223",222,2019-08-12,"$ 881.28 CAD",9224,624,15448,881.28
"224",223,2019-08-13,"$ 880.75 CAD",9225,625,15450,880.75
"225",224,2019-08-14,"$ 880.22 CAD",9226,626,15452,880.22
"226",225,2019-08-15,"$ 879.69 CAD",9227,627,15454,879.69
"227",226,2019-08-16,"$ 879.16 CAD",9228,628,15456,879.16
"228",227,2019-08-17,"$ 878.63 CAD",9229,629,15458,878.63
"229",228,2019-08-18,"$ 878.1 CAD",9230,630,15460,878.1
"230",229,2019-08-19,"$ 877.57 CAD",9231,631,15462,877.57
"231",230,2019-08-20,"$ 877.04 CAD",9232,632,15464,877.04
"232",231,2019-08-21,"$ 876.51 CAD",9233,633,15466,876.51
"233",232,2019-08-22,"$ 875.98 CAD",9234,634,15468,875.98
"234",233,2019-08-23,"$ 875.45 CAD",9235,635,15470,875.45
"235",234,2019-08-24,"$ 874.92 CAD",9236,636,15472,874.92
"236",235,2019-08-25,"$ 874.39 CAD",9237,637,15474,874.39
"237",236,2019-08-26,"$ 873.86 CAD",9238,638,15476,873.86
"238",237,2019-08-27,"$ 873.33 CAD",9239,639,15478,873.33
"239",238,2019-08-28,"$ 872.8 CAD",9240,640,15480,872.8
"240",239,2019-08-29,"$ 872.27 CAD",9241,641,15482,872.27
"241",240,2019-08-30,"$ 871.74 CAD",9242,642,15484,871.74
"242",241,2019-08-31,"$ 871.21 CAD",9243,643,15486,871.21
"243",242,2019-09-01,"$ 870.68 CAD",9244,644,15488,870.68
"244",243,2019-09-02,"$ 870.15 CAD",9245,645,15490,870.15
"245",244,2019-09-03,"$ 869.62 CAD",9246,646,15492,869.62
"246",245,2019-09-04,"$ 869.09 CAD",9247,647,15494,869.09
"247",246,2019-09-05,"$ 868.56 CAD",9248,648,15496,868.56
"248",247,2019-09-06,"$ 868.03 CAD",9249,649,15498,868.03
"249",248,2019-09-07,"$ 867.5 CAD",9250,650,15500,867.5
"250",249,2019-09-08,"$ 866.97 CAD",9251,651,15502,866.97
"251",250,2019-09-09,"$ 866.44 CAD",9252,652,15504,866.44
"252",251,2019-09-10,"$ 865.91 CAD",9253,653,15506,865.91
"253",252,2019-09-11,"$ 865.38 CAD",9254,654,15508,865.38
"254",253,2019-09-12,"$ 864.85 CAD",9255,655,15510,864.85
"255",254,2019-09-13,"$ 864.32 CAD",9256,656,15512,864.32
"256",255,2019-09-14,"$ 863.79 CAD",9257,657,15514,863.79
"257",256,2019-09-15,"$ 863.26 CAD",9258,658,15516,863.26
"258",257,2019-09-16,"$ 862.73 CAD",9259,659,15518,862.73
"259",258,2019-09-17,"$ 862.2 CAD",9260,660,15520,862.2
"260",259,2019-09-18,"$ 861.67 CAD",9261,661,15522,861.67
"261",260,2019-09-19,"$ 861.14 CAD",9262,662,15524,861.14
"262",261,2019-09-20,"$ 860.61 CAD",9263,663,15526,860.61
"263",262,2019-09-21,"$ 860.08 CAD",9264,664,15528,860.08
"264",263,2019-09-22,"$ 859.55 CAD",9265,665,15530,859.55
"265",264,2019-09-23,"$ 859.02 CAD",9266,666,15532,859.02
"266",265,2019-09-24,"$ 858.49 CAD",9267,667,15534,858.49
"267",266,2019-09-25,"$ 857.96 CAD",9268,668,15536,857.96
"268",267,2019-09-26,"$ 857.43 CAD",9269,669,15538,857.43
"269",268,2019-09-27,"$ 856.9 CAD",9270,670,15540,856.9
"270",269,2019-09-28,"$ 856.37 CAD",9271,671,15542,856.37
"271",270,2019-09-29,"$ 855.84 CAD",9272,672,15544,855.84
"272",271,2019-09-30,"$ 855.31 CAD",9273,673,15546,855.31
"273",272,2019-10-01,"$ 859.59 CAD",9277,674,15549,859.59
"274",273,2019-10-02,"$ 863.89 CAD",9281,675,15552,863.89
"275",274,2019-10-03,"$ 868.21 CAD",9285,676,15555,868.21
"276",275,2019-10-04,"$ 872.55 CAD",9289,677,15558,872.55
"277",276,2019-10-05,"$ 876.91 CAD",9293,678,15561,876.91
"278",277,2019-10-06,"$ 881.29 CAD",9297,679,15564,881.29
"279",278,2019-10-07,"$ 885.7 CAD",9301,680,15567,885.7
"280",279,2019-10-08,"$ 890.13 CAD",9305,681,15570,890.13
"281",280,2019-10-09,"$ 894.58 CAD",9309,682,15573,894.58
"282",281,2019-10-10,"$ 899.05 CAD",9313,683,15576,899.05
"283",282,2019-10-11,"$ 903.55 CAD",9317,684,15579,903.55
"284",283,2019-10-12,"$ 908.07 CAD",9321,685,15582,908.07
"285",284,2019-10-13,"$ 912.61 CAD",9325,686,15585,912.61
"286",285,2019-10-14,"$ 917.17 CAD",9329,687,15588,917.17
"287",286,2019-10-15,"$ 921.76 CAD",9333,688,15591,921.76
"288",287,2019-10-16,"$ 926.37 CAD",9337,689,15594,926.37
"289",288,2019-10-17,"$ 931.0 CAD",9341,690,15597,931
"290",289,2019-10-18,"$ 935.65 CAD",9345,691,15600,935.65
"291",290,2019-10-19,"$ 940.33 CAD",9349,692,15603,940.33
"292",291,2019-10-20,"$ 945.03 CAD",9353,693,15606,945.03
"293",292,2019-10-21,"$ 949.76 CAD",9357,694,15609,949.76
"294",293,2019-10-22,"$ 954.51 CAD",9361,695,15612,954.51
"295",294,2019-10-23,"$ 959.28 CAD",9365,696,15615,959.28
"296",295,2019-10-24,"$ 964.08 CAD",9369,697,15618,964.08
"297",296,2019-10-25,"$ 968.9 CAD",9373,698,15621,968.9
"298",297,2019-10-26,"$ 973.74 CAD",9377,699,15624,973.74
"299",298,2019-10-27,"$ 978.61 CAD",9381,700,15627,978.61
"300",299,2019-10-28,"$ 983.5 CAD",9385,701,15630,983.5
"301",300,2019-10-29,"$ 988.42 CAD",9389,702,15633,988.42
"302",301,2019-10-30,"$ 993.36 CAD",9393,703,15636,993.36
"303",302,2019-10-31,"$ 998.33 CAD",9397,704,15639,998.33
"304",303,2019-11-01,"$ 1003.32 CAD",9401,705,15642,1003.32
"305",304,2019-11-02,"$ 1008.34 CAD",9405,706,15645,1008.34
"306",305,2019-11-03,"$ 1013.38 CAD",9409,707,15648,1013.38
"307",306,2019-11-04,"$ 1018.45 CAD",9413,708,15651,1018.45
"308",307,2019-11-05,"$ 1023.54 CAD",9417,709,15654,1023.54
"309",308,2019-11-06,"$ 1028.66 CAD",9421,710,15657,1028.66
"310",309,2019-11-07,"$ 1033.8 CAD",9425,711,15660,1033.8
"311",310,2019-11-08,"$ 1038.97 CAD",9429,712,15663,1038.97
"312",311,2019-11-09,"$ 1044.16 CAD",9433,713,15666,1044.16
"313",312,2019-11-10,"$ 1049.38 CAD",9437,714,15669,1049.38
"314",313,2019-11-11,"$ 1054.63 CAD",9441,715,15672,1054.63
"315",314,2019-11-12,"$ 1059.9 CAD",9445,716,15675,1059.9
"316",315,2019-11-13,"$ 1065.2 CAD",9449,717,15678,1065.2
"317",316,2019-11-14,"$ 1070.53 CAD",9453,718,15681,1070.53
"318",317,2019-11-15,"$ 1075.88 CAD",9457,719,15684,1075.88
"319",318,2019-11-16,"$ 1081.26 CAD",9461,720,15687,1081.26
"320",319,2019-11-17,"$ 1086.67 CAD",9465,721,15690,1086.67
"321",320,2019-11-18,"$ 1092.1 CAD",9469,722,15693,1092.1
"322",321,2019-11-19,"$ 1097.56 CAD",9473,723,15696,1097.56
"323",322,2019-11-20,"$ 1103.05 CAD",9477,724,15699,1103.05
"324",323,2019-11-21,"$ 1108.57 CAD",9481,725,15702,1108.57
"325",324,2019-11-22,"$ 1114.11 CAD",9485,726,15705,1114.11
"326",325,2019-11-23,"$ 1119.68 CAD",9489,727,15708,1119.68
"327",326,2019-11-24,"$ 1125.28 CAD",9493,728,15711,1125.28
"328",327,2019-11-25,"$ 1130.91 CAD",9497,729,15714,1130.91
"329",328,2019-11-26,"$ 1136.56 CAD",9501,730,15717,1136.56
"330",329,2019-11-27,"$ 1142.24 CAD",9505,731,15720,1142.24
"331",330,2019-11-28,"$ 1147.95 CAD",9509,732,15723,1147.95
"332",331,2019-11-29,"$ 1153.69 CAD",9513,733,15726,1153.69
"333",332,2019-11-30,"$ 1159.46 CAD",9517,734,15729,1159.46
"334",333,2019-12-01,"$ 1165.26 CAD",9521,735,15732,1165.26
"335",334,2019-12-02,"$ 1171.09 CAD",9525,736,15735,1171.09
"336",335,2019-12-03,"$ 1176.95 CAD",9529,737,15738,1176.95
"337",336,2019-12-04,"$ 1182.83 CAD",9533,738,15741,1182.83
"338",337,2019-12-05,"$ 1188.74 CAD",9537,739,15744,1188.74
"339",338,2019-12-06,"$ 1194.68 CAD",9541,740,15747,1194.68
"340",339,2019-12-07,"$ 1200.65 CAD",9545,741,15750,1200.65
"341",340,2019-12-08,"$ 1206.65 CAD",9549,742,15753,1206.65
"342",341,2019-12-09,"$ 1212.68 CAD",9553,743,15756,1212.68
"343",342,2019-12-10,"$ 1218.74 CAD",9557,744,15759,1218.74
"344",343,2019-12-11,"$ 1224.83 CAD",9561,745,15762,1224.83
"345",344,2019-12-12,"$ 1230.95 CAD",9565,746,15765,1230.95
"346",345,2019-12-13,"$ 1237.1 CAD",9569,747,15768,1237.1
"347",346,2019-12-14,"$ 1243.29 CAD",9573,748,15771,1243.29
"348",347,2019-12-15,"$ 1249.51 CAD",9577,749,15774,1249.51
"349",348,2019-12-16,"$ 1255.76 CAD",9581,750,15777,1255.76
"350",349,2019-12-17,"$ 1262.04 CAD",9585,751,15780,1262.04
"351",350,2019-12-18,"$ 1268.35 CAD",9589,752,15783,1268.35
"352",351,2019-12-19,"$ 1274.69 CAD",9593,753,15786,1274.69
"353",352,2019-12-20,"$ 1281.06 CAD",9597,754,15789,1281.06
"354",353,2019-12-21,"$ 1287.47 CAD",9601,755,15792,1287.47
"355",354,2019-12-22,"$ 1293.91 CAD",9605,756,15795,1293.91
"356",355,2019-12-23,"$ 1300.38 CAD",9609,757,15798,1300.38
"357",356,2019-12-24,"$ 1306.88 CAD",9613,758,15801,1306.88
"358",357,2019-12-25,"$ 1313.41 CAD",9617,759,15804,1313.41
"359",358,2019-12-26,"$ 1319.98 CAD",9621,760,15807,1319.98
"360",359,2019-12-27,"$ 1326.58 CAD",9625,761,15810,1326.58
"361",360,2019-12-28,"$ 1333.21 CAD",9629,762,15813,1333.21
"362",361,2019-12-29,"$ 1339.88 CAD",9633,763,15816,1339.88
"363",362,2019-12-30,"$ 1346.58 CAD",9637,764,15819,1346.58
"364",363,2019-12-31,"$ 1353.31 CAD",9641,765,15822,1353.31
"365",364,2020-01-01,"$ 1362.78 CAD",9642,766,15824,1362.78
"366",365,2020-01-02,"$ 1372.32 CAD",9643,767,15826,1372.32
"367",366,2020-01-03,"$ 1381.93 CAD",9644,768,15828,1381.93
"368",367,2020-01-04,"$ 1391.6 CAD",9645,769,15830,1391.6
"369",368,2020-01-05,"$ 1401.34 CAD",9646,770,15832,1401.34
"370",369,2020-01-06,"$ 1411.15 CAD",9647,771,15834,1411.15
"371",370,2020-01-07,"$ 1421.03 CAD",9648,772,15836,1421.03
"372",371,2020-01-08,"$ 1430.98 CAD",9649,773,15838,1430.98
"373",372,2020-01-09,"$ 1441.0 CAD",9650,774,15840,1441
"374",373,2020-01-10,"$ 1451.09 CAD",9651,775,15842,1451.09
"375",374,2020-01-11,"$ 1461.25 CAD",9652,776,15844,1461.25
"376",375,2020-01-12,"$ 1471.48 CAD",9653,777,15846,1471.48
"377",376,2020-01-13,"$ 1481.78 CAD",9654,778,15848,1481.78
"378",377,2020-01-14,"$ 1492.15 CAD",9655,779,15850,1492.15
"379",378,2020-01-15,"$ 1502.6 CAD",9656,780,15852,1502.6
"380",379,2020-01-16,"$ 1513.12 CAD",9657,781,15854,1513.12
"381",380,2020-01-17,"$ 1523.71 CAD",9658,782,15856,1523.71
"382",381,2020-01-18,"$ 1534.38 CAD",9659,783,15858,1534.38
"383",382,2020-01-19,"$ 1545.12 CAD",9660,784,15860,1545.12
"384",383,2020-01-20,"$ 1555.94 CAD",9661,785,15862,1555.94
"385",384,2020-01-21,"$ 1566.83 CAD",9662,786,15864,1566.83
"386",385,2020-01-22,"$ 1577.8 CAD",9663,787,15866,1577.8
"387",386,2020-01-23,"$ 1588.84 CAD",9664,788,15868,1588.84
"388",387,2020-01-24,"$ 1599.96 CAD",9665,789,15870,1599.96
"389",388,2020-01-25,"$ 1611.16 CAD",9666,790,15872,1611.16
"390",389,2020-01-26,"$ 1622.44 CAD",9667,791,15874,1622.44
"391",390,2020-01-27,"$ 1633.8 CAD",9668,792,15876,1633.8
"392",391,2020-01-28,"$ 1645.24 CAD",9669,793,15878,1645.24
"393",392,2020-01-29,"$ 1656.76 CAD",9670,794,15880,1656.76
"394",393,2020-01-30,"$ 1668.36 CAD",9671,795,15882,1668.36
"395",394,2020-01-31,"$ 1680.04 CAD",9672,796,15884,1680.04
"396",395,2020-02-01,"$ 1691.8 CAD",9673,797,15886,1691.8
"397",396,2020-02-02,"$ 1703.64 CAD",9674,798,15888,1703.64
"398",397,2020-02-03,"$ 1715.57 CAD",9675,799,15890,1715.57
"399",398,2020-02-04,"$ 1727.58 CAD",9676,800,15892,1727.58
"400",399,2020-02-05,"$ 1739.67 CAD",9677,801,15894,1739.67
"401",400,2020-02-06,"$ 1751.85 CAD",9678,802,15896,1751.85
"402",401,2020-02-07,"$ 1764.11 CAD",9679,803,15898,1764.11
"403",402,2020-02-08,"$ 1776.46 CAD",9680,804,15900,1776.46
"404",403,2020-02-09,"$ 1788.9 CAD",9681,805,15902,1788.9
"405",404,2020-02-10,"$ 1801.42 CAD",9682,806,15904,1801.42
"406",405,2020-02-11,"$ 1814.03 CAD",9683,807,15906,1814.03
"407",406,2020-02-12,"$ 1826.73 CAD",9684,808,15908,1826.73
"408",407,2020-02-13,"$ 1839.52 CAD",9685,809,15910,1839.52
"409",408,2020-02-14,"$ 1852.4 CAD",9686,810,15912,1852.4
"410",409,2020-02-15,"$ 1865.37 CAD",9687,811,15914,1865.37
"411",410,2020-02-16,"$ 1878.43 CAD",9688,812,15916,1878.43
"412",411,2020-02-17,"$ 1891.58 CAD",9689,813,15918,1891.58
"413",412,2020-02-18,"$ 1904.82 CAD",9690,814,15920,1904.82
"414",413,2020-02-19,"$ 1918.15 CAD",9691,815,15922,1918.15
"415",414,2020-02-20,"$ 1931.58 CAD",9692,816,15924,1931.58
"416",415,2020-02-21,"$ 1945.1 CAD",9693,817,15926,1945.1
"417",416,2020-02-22,"$ 1958.72 CAD",9694,818,15928,1958.72
"418",417,2020-02-23,"$ 1972.43 CAD",9695,819,15930,1972.43
"419",418,2020-02-24,"$ 1986.24 CAD",9696,820,15932,1986.24
"420",419,2020-02-25,"$ 2000.14 CAD",9697,821,15934,2000.14
"421",420,2020-02-26,"$ 2014.14 CAD",9698,822,15936,2014.14
"422",421,2020-02-27,"$ 2028.24 CAD",9699,823,15938,2028.24
"423",422,2020-02-28,"$ 2042.44 CAD",9700,824,15940,2042.44
"424",423,2020-02-29,"$ 2056.74 CAD",9701,825,15942,2056.74
"425",424,2020-03-01,"$ 2071.14 CAD",9702,826,15944,2071.14
"426",425,2020-03-02,"$ 2085.64 CAD",9703,827,15946,2085.64
"427",426,2020-03-03,"$ 2100.24 CAD",9704,828,15948,2100.24
"428",427,2020-03-04,"$ 2114.94 CAD",9705,829,15950,2114.94
"429",428,2020-03-05,"$ 2129.74 CAD",9706,830,15952,2129.74
"430",429,2020-03-06,"$ 2144.65 CAD",9707,831,15954,2144.65
"431",430,2020-03-07,"$ 2159.66 CAD",9708,832,15956,2159.66
"432",431,2020-03-08,"$ 2174.78 CAD",9709,833,15958,2174.78
"433",432,2020-03-09,"$ 2190.0 CAD",9710,834,15960,2190
"434",433,2020-03-10,"$ 2205.33 CAD",9711,835,15962,2205.33
"435",434,2020-03-11,"$ 2220.77 CAD",9712,836,15964,2220.77
"436",435,2020-03-12,"$ 2236.32 CAD",9713,837,15966,2236.32
"437",436,2020-03-13,"$ 2251.97 CAD",9714,838,15968,2251.97
"438",437,2020-03-14,"$ 2267.73 CAD",9715,839,15970,2267.73
"439",438,2020-03-15,"$ 2283.6 CAD",9716,840,15972,2283.6
"440",439,2020-03-16,"$ 2299.59 CAD",9717,841,15974,2299.59
"441",440,2020-03-17,"$ 2315.69 CAD",9718,842,15976,2315.69
"442",441,2020-03-18,"$ 2331.9 CAD",9719,843,15978,2331.9
"443",442,2020-03-19,"$ 2348.22 CAD",9720,844,15980,2348.22
"444",443,2020-03-20,"$ 2364.66 CAD",9721,845,15982,2364.66
"445",444,2020-03-21,"$ 2381.21 CAD",9722,846,15984,2381.21
"446",445,2020-03-22,"$ 2397.88 CAD",9723,847,15986,2397.88
"447",446,2020-03-23,"$ 2414.67 CAD",9724,848,15988,2414.67
"448",447,2020-03-24,"$ 2431.57 CAD",9725,849,15990,2431.57
"449",448,2020-03-25,"$ 2448.59 CAD",9726,850,15992,2448.59
"450",449,2020-03-26,"$ 2465.73 CAD",9727,851,15994,2465.73
"451",450,2020-03-27,"$ 2482.99 CAD",9728,852,15996,2482.99
"452",451,2020-03-28,"$ 2500.37 CAD",9729,853,15998,2500.37
"453",452,2020-03-29,"$ 2517.87 CAD",9730,854,16000,2517.87
"454",453,2020-03-30,"$ 2535.5 CAD",9731,855,16002,2535.5
"455",454,2020-03-31,"$ 2553.25 CAD",9732,856,16004,2553.25
"456",455,2020-04-01,"$ 2571.12 CAD",9733,857,16006,2571.12
"457",456,2020-04-02,"$ 2589.12 CAD",9734,858,16008,2589.12
"458",457,2020-04-03,"$ 2607.24 CAD",9735,859,16010,2607.24
"459",458,2020-04-04,"$ 2625.49 CAD",9736,860,16012,2625.49
"460",459,2020-04-05,"$ 2643.87 CAD",9737,861,16014,2643.87
"461",460,2020-04-06,"$ 2662.38 CAD",9738,862,16016,2662.38
"462",461,2020-04-07,"$ 2681.02 CAD",9739,863,16018,2681.02
"463",462,2020-04-08,"$ 2699.79 CAD",9740,864,16020,2699.79
"464",463,2020-04-09,"$ 2718.69 CAD",9741,865,16022,2718.69
"465",464,2020-04-10,"$ 2737.72 CAD",9742,866,16024,2737.72
"466",465,2020-04-11,"$ 2756.88 CAD",9743,867,16026,2756.88
"467",466,2020-04-12,"$ 2776.18 CAD",9744,868,16028,2776.18
"468",467,2020-04-13,"$ 2795.61 CAD",9745,869,16030,2795.61
"469",468,2020-04-14,"$ 2815.18 CAD",9746,870,16032,2815.18
"470",469,2020-04-15,"$ 2834.89 CAD",9747,871,16034,2834.89
"471",470,2020-04-16,"$ 2854.73 CAD",9748,872,16036,2854.73
"472",471,2020-04-17,"$ 2874.71 CAD",9749,873,16038,2874.71
"473",472,2020-04-18,"$ 2894.83 CAD",9750,874,16040,2894.83
"474",473,2020-04-19,"$ 2915.09 CAD",9751,875,16042,2915.09
"475",474,2020-04-20,"$ 2935.5 CAD",9752,876,16044,2935.5
"476",475,2020-04-21,"$ 2956.05 CAD",9753,877,16046,2956.05
"477",476,2020-04-22,"$ 2976.74 CAD",9754,878,16048,2976.74
"478",477,2020-04-23,"$ 2997.58 CAD",9755,879,16050,2997.58
"479",478,2020-04-24,"$ 3018.56 CAD",9756,880,16052,3018.56
"480",479,2020-04-25,"$ 3039.69 CAD",9757,881,16054,3039.69
"481",480,2020-04-26,"$ 3060.97 CAD",9758,882,16056,3060.97
"482",481,2020-04-27,"$ 3082.4 CAD",9759,883,16058,3082.4
"483",482,2020-04-28,"$ 3103.98 CAD",9760,884,16060,3103.98
"484",483,2020-04-29,"$ 3125.71 CAD",9761,885,16062,3125.71
"485",484,2020-04-30,"$ 3147.59 CAD",9762,886,16064,3147.59
"486",485,2020-05-01,"$ 3169.62 CAD",9763,887,16066,3169.62
"487",486,2020-05-02,"$ 3191.81 CAD",9764,888,16068,3191.81
"488",487,2020-05-03,"$ 3214.15 CAD",9765,889,16070,3214.15
"489",488,2020-05-04,"$ 3236.65 CAD",9766,890,16072,3236.65
"490",489,2020-05-05,"$ 3259.31 CAD",9767,891,16074,3259.31
"491",490,2020-05-06,"$ 3282.13 CAD",9768,892,16076,3282.13
"492",491,2020-05-07,"$ 3305.1 CAD",9769,893,16078,3305.1
"493",492,2020-05-08,"$ 3328.24 CAD",9770,894,16080,3328.24
"494",493,2020-05-09,"$ 3351.54 CAD",9771,895,16082,3351.54
"495",494,2020-05-10,"$ 3375.0 CAD",9772,896,16084,3375
"496",495,2020-05-11,"$ 3398.62 CAD",9773,897,16086,3398.62
"497",496,2020-05-12,"$ 3422.41 CAD",9774,898,16088,3422.41
"498",497,2020-05-13,"$ 3446.37 CAD",9775,899,16090,3446.37
"499",498,2020-05-14,"$ 3470.49 CAD",9776,900,16092,3470.49
"500",499,2020-05-15,"$ 3494.78 CAD",9777,901,16094,3494.78
"501",500,2020-05-16,"$ 3519.24 CAD",9778,902,16096,3519.24
"502",501,2020-05-17,"$ 3543.87 CAD",9779,903,16098,3543.87
"503",502,2020-05-18,"$ 3568.68 CAD",9780,904,16100,3568.68
"504",503,2020-05-19,"$ 3593.66 CAD",9781,905,16102,3593.66
"505",504,2020-05-20,"$ 3618.82 CAD",9782,906,16104,3618.82
"506",505,2020-05-21,"$ 3644.15 CAD",9783,907,16106,3644.15
"507",506,2020-05-22,"$ 3669.66 CAD",9784,908,16108,3669.66
"508",507,2020-05-23,"$ 3695.35 CAD",9785,909,16110,3695.35
"509",508,2020-05-24,"$ 3721.22 CAD",9786,910,16112,3721.22
"510",509,2020-05-25,"$ 3747.27 CAD",9787,911,16114,3747.27
"511",510,2020-05-26,"$ 3773.5 CAD",9788,912,16116,3773.5
"512",511,2020-05-27,"$ 3799.91 CAD",9789,913,16118,3799.91
"513",512,2020-05-28,"$ 3826.51 CAD",9790,914,16120,3826.51
"514",513,2020-05-29,"$ 3853.3 CAD",9791,915,16122,3853.3
"515",514,2020-05-30,"$ 3880.27 CAD",9792,916,16124,3880.27
"516",515,2020-05-31,"$ 3907.43 CAD",9793,917,16126,3907.43
"517",516,2020-06-01,"$ 3934.78 CAD",9794,918,16128,3934.78
"518",517,2020-06-02,"$ 3962.32 CAD",9795,919,16130,3962.32
"519",518,2020-06-03,"$ 3990.06 CAD",9796,920,16132,3990.06
"520",519,2020-06-04,"$ 4017.99 CAD",9797,921,16134,4017.99
"521",520,2020-06-05,"$ 4046.12 CAD",9798,922,16136,4046.12
"522",521,2020-06-06,"$ 4074.44 CAD",9799,923,16138,4074.44
"523",522,2020-06-07,"$ 4102.96 CAD",9800,924,16140,4102.96
"524",523,2020-06-08,"$ 4131.68 CAD",9801,925,16142,4131.68
"525",524,2020-06-09,"$ 4160.6 CAD",9802,926,16144,4160.6
"526",525,2020-06-10,"$ 4189.72 CAD",9803,927,16146,4189.72
"527",526,2020-06-11,"$ 4219.05 CAD",9804,928,16148,4219.05
"528",527,2020-06-12,"$ 4248.58 CAD",9805,929,16150,4248.58
"529",528,2020-06-13,"$ 4278.32 CAD",9806,930,16152,4278.32
"530",529,2020-06-14,"$ 4308.27 CAD",9807,931,16154,4308.27
"531",530,2020-06-15,"$ 4338.43 CAD",9808,932,16156,4338.43
"532",531,2020-06-16,"$ 4368.8 CAD",9809,933,16158,4368.8
"533",532,2020-06-17,"$ 4399.38 CAD",9810,934,16160,4399.38
"534",533,2020-06-18,"$ 4430.18 CAD",9811,935,16162,4430.18
"535",534,2020-06-19,"$ 4461.19 CAD",9812,936,16164,4461.19
"536",535,2020-06-20,"$ 4492.42 CAD",9813,937,16166,4492.42
"537",536,2020-06-21,"$ 4523.87 CAD",9814,938,16168,4523.87
"538",537,2020-06-22,"$ 4555.54 CAD",9815,939,16170,4555.54
"539",538,2020-06-23,"$ 4587.43 CAD",9816,940,16172,4587.43
"540",539,2020-06-24,"$ 4619.54 CAD",9817,941,16174,4619.54
"541",540,2020-06-25,"$ 4651.88 CAD",9818,942,16176,4651.88
"542",541,2020-06-26,"$ 4684.44 CAD",9819,943,16178,4684.44
"543",542,2020-06-27,"$ 4717.23 CAD",9820,944,16180,4717.23
"544",543,2020-06-28,"$ 4750.25 CAD",9821,945,16182,4750.25
"545",544,2020-06-29,"$ 4783.5 CAD",9822,946,16184,4783.5
"546",545,2020-06-30,"$ 4816.98 CAD",9823,947,16186,4816.98
"547",546,2020-07-01,"$ 4850.7 CAD",9824,948,16188,4850.7
"548",547,2020-07-02,"$ 4884.65 CAD",9825,949,16190,4884.65
"549",548,2020-07-03,"$ 4918.84 CAD",9826,950,16192,4918.84
"550",549,2020-07-04,"$ 4953.27 CAD",9827,951,16194,4953.27
"551",550,2020-07-05,"$ 4987.94 CAD",9828,952,16196,4987.94
"552",551,2020-07-06,"$ 5022.86 CAD",9829,953,16198,5022.86
"553",552,2020-07-07,"$ 5058.02 CAD",9830,954,16200,5058.02
"554",553,2020-07-08,"$ 5093.43 CAD",9831,955,16202,5093.43
"555",554,2020-07-09,"$ 5129.08 CAD",9832,956,16204,5129.08
"556",555,2020-07-10,"$ 5164.98 CAD",9833,957,16206,5164.98
"557",556,2020-07-11,"$ 5201.13 CAD",9834,958,16208,5201.13
"558",557,2020-07-12,"$ 5237.54 CAD",9835,959,16210,5237.54
"559",558,2020-07-13,"$ 5274.2 CAD",9836,960,16212,5274.2
"560",559,2020-07-14,"$ 5311.12 CAD",9837,961,16214,5311.12
"561",560,2020-07-15,"$ 5348.3 CAD",9838,962,16216,5348.3
"562",561,2020-07-16,"$ 5385.74 CAD",9839,963,16218,5385.74
"563",562,2020-07-17,"$ 5423.44 CAD",9840,964,16220,5423.44
"564",563,2020-07-18,"$ 5461.4 CAD",9841,965,16222,5461.4
"565",564,2020-07-19,"$ 5499.63 CAD",9842,966,16224,5499.63
"566",565,2020-07-20,"$ 5538.13 CAD",9843,967,16226,5538.13
"567",566,2020-07-21,"$ 5576.9 CAD",9844,968,16228,5576.9
"568",567,2020-07-22,"$ 5615.94 CAD",9845,969,16230,5615.94
"569",568,2020-07-23,"$ 5655.25 CAD",9846,970,16232,5655.25
"570",569,2020-07-24,"$ 5694.84 CAD",9847,971,16234,5694.84
"571",570,2020-07-25,"$ 5734.7 CAD",9848,972,16236,5734.7
"572",571,2020-07-26,"$ 5774.84 CAD",9849,973,16238,5774.84
"573",572,2020-07-27,"$ 5815.26 CAD",9850,974,16240,5815.26
"574",573,2020-07-28,"$ 5855.97 CAD",9851,975,16242,5855.97
"575",574,2020-07-29,"$ 5896.96 CAD",9852,976,16244,5896.96
"576",575,2020-07-30,"$ 5938.24 CAD",9853,977,16246,5938.24
"577",576,2020-07-31,"$ 5979.81 CAD",9854,978,16248,5979.81
"578",577,2020-08-01,"$ 6021.67 CAD",9855,979,16250,6021.67
"579",578,2020-08-02,"$ 6063.82 CAD",9856,980,16252,6063.82
"580",579,2020-08-03,"$ 6106.27 CAD",9857,981,16254,6106.27
"581",580,2020-08-04,"$ 6149.01 CAD",9858,982,16256,6149.01
"582",581,2020-08-05,"$ 6192.05 CAD",9859,983,16258,6192.05
"583",582,2020-08-06,"$ 6235.39 CAD",9860,984,16260,6235.39
"584",583,2020-08-07,"$ 6279.04 CAD",9861,985,16262,6279.04
"585",584,2020-08-08,"$ 6322.99 CAD",9862,986,16264,6322.99
"586",585,2020-08-09,"$ 6367.25 CAD",9863,987,16266,6367.25
"587",586,2020-08-10,"$ 6411.82 CAD",9864,988,16268,6411.82
"588",587,2020-08-11,"$ 6456.7 CAD",9865,989,16270,6456.7
"589",588,2020-08-12,"$ 6501.9 CAD",9866,990,16272,6501.9
"590",589,2020-08-13,"$ 6547.41 CAD",9867,991,16274,6547.41
"591",590,2020-08-14,"$ 6593.24 CAD",9868,992,16276,6593.24
"592",591,2020-08-15,"$ 6639.39 CAD",9869,993,16278,6639.39
"593",592,2020-08-16,"$ 6685.87 CAD",9870,994,16280,6685.87
"594",593,2020-08-17,"$ 6732.67 CAD",9871,995,16282,6732.67
"595",594,2020-08-18,"$ 6779.8 CAD",9872,996,16284,6779.8
"596",595,2020-08-19,"$ 6827.26 CAD",9873,997,16286,6827.26
"597",596,2020-08-20,"$ 6875.05 CAD",9874,998,16288,6875.05
"598",597,2020-08-21,"$ 6923.18 CAD",9875,999,16290,6923.18
"599",598,2020-08-22,"$ 6971.64 CAD",9876,1000,16292,6971.64
"600",599,2020-08-23,"$ 7020.44 CAD",9877,1001,16294,7020.44
"601",600,2020-08-24,"$ 7069.58 CAD",9878,1002,16296,7069.58
"602",601,2020-08-25,"$ 7119.07 CAD",9879,1003,16298,7119.07
"603",602,2020-08-26,"$ 7168.9 CAD",9880,1004,16300,7168.9
"604",603,2020-08-27,"$ 7219.08 CAD",9881,1005,16302,7219.08
"605",604,2020-08-28,"$ 7269.61 CAD",9882,1006,16304,7269.61
"606",605,2020-08-29,"$ 7320.5 CAD",9883,1007,16306,7320.5
"607",606,2020-08-30,"$ 7371.74 CAD",9884,1008,16308,7371.74
"608",607,2020-08-31,"$ 7423.34 CAD",9885,1009,16310,7423.34
"609",608,2020-09-01,"$ 7475.3 CAD",9886,1010,16312,7475.3
"610",609,2020-09-02,"$ 7527.63 CAD",9887,1011,16314,7527.63
"611",610,2020-09-03,"$ 7580.32 CAD",9888,1012,16316,7580.32
"612",611,2020-09-04,"$ 7633.38 CAD",9889,1013,16318,7633.38
"613",612,2020-09-05,"$ 7686.81 CAD",9890,1014,16320,7686.81
"614",613,2020-09-06,"$ 7740.62 CAD",9891,1015,16322,7740.62
"615",614,2020-09-07,"$ 7794.8 CAD",9892,1016,16324,7794.8
"616",615,2020-09-08,"$ 7849.36 CAD",9893,1017,16326,7849.36
"617",616,2020-09-09,"$ 7904.31 CAD",9894,1018,16328,7904.31
"618",617,2020-09-10,"$ 7959.64 CAD",9895,1019,16330,7959.64
"619",618,2020-09-11,"$ 8015.36 CAD",9896,1020,16332,8015.36
"620",619,2020-09-12,"$ 8071.47 CAD",9897,1021,16334,8071.47
"621",620,2020-09-13,"$ 8127.97 CAD",9898,1022,16336,8127.97
"622",621,2020-09-14,"$ 8184.87 CAD",9899,1023,16338,8184.87
"623",622,2020-09-15,"$ 8242.16 CAD",9900,1024,16340,8242.16
"624",623,2020-09-16,"$ 8299.86 CAD",9901,1025,16342,8299.86
"625",624,2020-09-17,"$ 8357.96 CAD",9902,1026,16344,8357.96
"626",625,2020-09-18,"$ 8416.47 CAD",9903,1027,16346,8416.47
"627",626,2020-09-19,"$ 8475.39 CAD",9904,1028,16348,8475.39
"628",627,2020-09-20,"$ 8534.72 CAD",9905,1029,16350,8534.72
"629",628,2020-09-21,"$ 8594.46 CAD",9906,1030,16352,8594.46
"630",629,2020-09-22,"$ 8654.62 CAD",9907,1031,16354,8654.62
"631",630,2020-09-23,"$ 8715.2 CAD",9908,1032,16356,8715.2
"632",631,2020-09-24,"$ 8776.21 CAD",9909,1033,16358,8776.21
"633",632,2020-09-25,"$ 8837.64 CAD",9910,1034,16360,8837.64
"634",633,2020-09-26,"$ 8899.5 CAD",9911,1035,16362,8899.5
"635",634,2020-09-27,"$ 8961.8 CAD",9912,1036,16364,8961.8
"636",635,2020-09-28,"$ 9024.53 CAD",9913,1037,16366,9024.53
"637",636,2020-09-29,"$ 9087.7 CAD",9914,1038,16368,9087.7
"638",637,2020-09-30,"$ 9151.31 CAD",9915,1039,16370,9151.31
"639",638,2020-10-01,"$ 9197.07 CAD",9919,1040,16373,9197.07
"640",639,2020-10-02,"$ 9243.06 CAD",9923,1041,16376,9243.06
"641",640,2020-10-03,"$ 9289.28 CAD",9927,1042,16379,9289.28
"642",641,2020-10-04,"$ 9335.73 CAD",9931,1043,16382,9335.73
"643",642,2020-10-05,"$ 9382.41 CAD",9935,1044,16385,9382.41
"644",643,2020-10-06,"$ 9429.32 CAD",9939,1045,16388,9429.32
"645",644,2020-10-07,"$ 9476.47 CAD",9943,1046,16391,9476.47
"646",645,2020-10-08,"$ 9523.85 CAD",9947,1047,16394,9523.85
"647",646,2020-10-09,"$ 9571.47 CAD",9951,1048,16397,9571.47
"648",647,2020-10-10,"$ 9619.33 CAD",9955,1049,16400,9619.33
"649",648,2020-10-11,"$ 9667.43 CAD",9959,1050,16403,9667.43
"650",649,2020-10-12,"$ 9715.77 CAD",9963,1051,16406,9715.77
"651",650,2020-10-13,"$ 9764.35 CAD",9967,1052,16409,9764.35
"652",651,2020-10-14,"$ 9813.17 CAD",9971,1053,16412,9813.17
"653",652,2020-10-15,"$ 9862.24 CAD",9975,1054,16415,9862.24
"654",653,2020-10-16,"$ 9911.55 CAD",9979,1055,16418,9911.55
"655",654,2020-10-17,"$ 9961.11 CAD",9983,1056,16421,9961.11
"656",655,2020-10-18,"$ 10010.92 CAD",9987,1057,16424,10010.92
"657",656,2020-10-19,"$ 10060.97 CAD",9991,1058,16427,10060.97
"658",657,2020-10-20,"$ 10111.27 CAD",9995,1059,16430,10111.27
"659",658,2020-10-21,"$ 10161.83 CAD",9999,1060,16433,10161.83
"660",659,2020-10-22,"$ 10212.64 CAD",10003,1061,16436,10212.64
"661",660,2020-10-23,"$ 10263.7 CAD",10007,1062,16439,10263.7
"662",661,2020-10-24,"$ 10315.02 CAD",10011,1063,16442,10315.02
"663",662,2020-10-25,"$ 10366.6 CAD",10015,1064,16445,10366.6
"664",663,2020-10-26,"$ 10418.43 CAD",10019,1065,16448,10418.43
"665",664,2020-10-27,"$ 10470.52 CAD",10023,1066,16451,10470.52
"666",665,2020-10-28,"$ 10522.87 CAD",10027,1067,16454,10522.87
"667",666,2020-10-29,"$ 10575.48 CAD",10031,1068,16457,10575.48
"668",667,2020-10-30,"$ 10628.36 CAD",10035,1069,16460,10628.36
"669",668,2020-10-31,"$ 10681.5 CAD",10039,1070,16463,10681.5
"670",669,2020-11-01,"$ 10734.91 CAD",10043,1071,16466,10734.91
"671",670,2020-11-02,"$ 10788.58 CAD",10047,1072,16469,10788.58
"672",671,2020-11-03,"$ 10842.52 CAD",10051,1073,16472,10842.52
"673",672,2020-11-04,"$ 10896.73 CAD",10055,1074,16475,10896.73
"674",673,2020-11-05,"$ 10951.21 CAD",10059,1075,16478,10951.21
"675",674,2020-11-06,"$ 11005.97 CAD",10063,1076,16481,11005.97
"676",675,2020-11-07,"$ 11061.0 CAD",10067,1077,16484,11061
"677",676,2020-11-08,"$ 11116.3 CAD",10071,1078,16487,11116.3
"678",677,2020-11-09,"$ 11171.88 CAD",10075,1079,16490,11171.88
"679",678,2020-11-10,"$ 11227.74 CAD",10079,1080,16493,11227.74
"680",679,2020-11-11,"$ 11283.88 CAD",10083,1081,16496,11283.88
"681",680,2020-11-12,"$ 11340.3 CAD",10087,1082,16499,11340.3
"682",681,2020-11-13,"$ 11397.0 CAD",10091,1083,16502,11397
"683",682,2020-11-14,"$ 11453.98 CAD",10095,1084,16505,11453.98
"684",683,2020-11-15,"$ 11511.25 CAD",10099,1085,16508,11511.25
"685",684,2020-11-16,"$ 11568.81 CAD",10103,1086,16511,11568.81
"686",685,2020-11-17,"$ 11626.65 CAD",10107,1087,16514,11626.65
"687",686,2020-11-18,"$ 11684.78 CAD",10111,1088,16517,11684.78
"688",687,2020-11-19,"$ 11743.2 CAD",10115,1089,16520,11743.2
"689",688,2020-11-20,"$ 11801.92 CAD",10119,1090,16523,11801.92
"690",689,2020-11-21,"$ 11860.93 CAD",10123,1091,16526,11860.93
"691",690,2020-11-22,"$ 11920.23 CAD",10127,1092,16529,11920.23
"692",691,2020-11-23,"$ 11979.83 CAD",10131,1093,16532,11979.83
"693",692,2020-11-24,"$ 12039.73 CAD",10135,1094,16535,12039.73
"694",693,2020-11-25,"$ 12099.93 CAD",10139,1095,16538,12099.93
"695",694,2020-11-26,"$ 12160.43 CAD",10143,1096,16541,12160.43
"696",695,2020-11-27,"$ 12221.23 CAD",10147,1097,16544,12221.23
"697",696,2020-11-28,"$ 12282.34 CAD",10151,1098,16547,12282.34
"698",697,2020-11-29,"$ 12343.75 CAD",10155,1099,16550,12343.75
"699",698,2020-11-30,"$ 12405.47 CAD",10159,1100,16553,12405.47
"700",699,2020-12-01,"$ 12467.5 CAD",10163,1101,16556,12467.5
"701",700,2020-12-02,"$ 12529.84 CAD",10167,1102,16559,12529.84
"702",701,2020-12-03,"$ 12592.49 CAD",10171,1103,16562,12592.49
"703",702,2020-12-04,"$ 12655.45 CAD",10175,1104,16565,12655.45
"704",703,2020-12-05,"$ 12718.73 CAD",10179,1105,16568,12718.73
"705",704,2020-12-06,"$ 12782.32 CAD",10183,1106,16571,12782.32
"706",705,2020-12-07,"$ 12846.23 CAD",10187,1107,16574,12846.23
"707",706,2020-12-08,"$ 12910.46 CAD",10191,1108,16577,12910.46
"708",707,2020-12-09,"$ 12975.01 CAD",10195,1109,16580,12975.01
"709",708,2020-12-10,"$ 13039.89 CAD",10199,1110,16583,13039.89
"710",709,2020-12-11,"$ 13105.09 CAD",10203,1111,16586,13105.09
"711",710,2020-12-12,"$ 13170.62 CAD",10207,1112,16589,13170.62
"712",711,2020-12-13,"$ 13236.47 CAD",10211,1113,16592,13236.47
"713",712,2020-12-14,"$ 13302.65 CAD",10215,1114,16595,13302.65
"714",713,2020-12-15,"$ 13369.16 CAD",10219,1115,16598,13369.16
"715",714,2020-12-16,"$ 13436.01 CAD",10223,1116,16601,13436.01
"716",715,2020-12-17,"$ 13503.19 CAD",10227,1117,16604,13503.19
"717",716,2020-12-18,"$ 13570.71 CAD",10231,1118,16607,13570.71
"718",717,2020-12-19,"$ 13638.56 CAD",10235,1119,16610,13638.56
"719",718,2020-12-20,"$ 13706.75 CAD",10239,1120,16613,13706.75
"720",719,2020-12-21,"$ 13775.28 CAD",10243,1121,16616,13775.28
"721",720,2020-12-22,"$ 13844.16 CAD",10247,1122,16619,13844.16
"722",721,2020-12-23,"$ 13913.38 CAD",10251,1123,16622,13913.38
"723",722,2020-12-24,"$ 13982.95 CAD",10255,1124,16625,13982.95
"724",723,2020-12-25,"$ 14052.86 CAD",10259,1125,16628,14052.86
"725",724,2020-12-26,"$ 14123.12 CAD",10263,1126,16631,14123.12
"726",725,2020-12-27,"$ 14193.74 CAD",10267,1127,16634,14193.74
"727",726,2020-12-28,"$ 14264.71 CAD",10271,1128,16637,14264.71
"728",727,2020-12-29,"$ 14336.03 CAD",10275,1129,16640,14336.03
"729",728,2020-12-30,"$ 14407.71 CAD",10279,1130,16643,14407.71
"730",729,2020-12-31,"$ 14479.75 CAD",10283,1131,16646,14479.75
"731",730,2021-01-01,"$ 14478.69 CAD",10284,1132,16648,14478.69
"732",731,2021-01-02,"$ 14477.63 CAD",10285,1133,16650,14477.63
"733",732,2021-01-03,"$ 14476.57 CAD",10286,1134,16652,14476.57
"734",733,2021-01-04,"$ 14475.51 CAD",10287,1135,16654,14475.51
"735",734,2021-01-05,"$ 14474.45 CAD",10288,1136,16656,14474.45
"736",735,2021-01-06,"$ 14473.39 CAD",10289,1137,16658,14473.39
"737",736,2021-01-07,"$ 14472.33 CAD",10290,1138,16660,14472.33
"738",737,2021-01-08,"$ 14471.27 CAD",10291,1139,16662,14471.27
"739",738,2021-01-09,"$ 14470.21 CAD",10292,1140,16664,14470.21
"740",739,2021-01-10,"$ 14469.15 CAD",10293,1141,16666,14469.15
"741",740,2021-01-11,"$ 14468.09 CAD",10294,1142,16668,14468.09
"742",741,2021-01-12,"$ 14467.03 CAD",10295,1143,16670,14467.03
"743",742,2021-01-13,"$ 14465.97 CAD",10296,1144,16672,14465.97
"744",743,2021-01-14,"$ 14464.91 CAD",10297,1145,16674,14464.91
"745",744,2021-01-15,"$ 14463.85 CAD",10298,1146,16676,14463.85
"746",745,2021-01-16,"$ 14462.79 CAD",10299,1147,16678,14462.79
"747",746,2021-01-17,"$ 14461.73 CAD",10300,1148,16680,14461.73
"748",747,2021-01-18,"$ 14460.67 CAD",10301,1149,16682,14460.67
"749",748,2021-01-19,"$ 14459.61 CAD",10302,1150,16684,14459.61
"750",749,2021-01-20,"$ 14458.55 CAD",10303,1151,16686,14458.55
"751",750,2021-01-21,"$ 14457.49 CAD",10304,1152,16688,14457.49
"752",751,2021-01-22,"$ 14456.43 CAD",10305,1153,16690,14456.43
"753",752,2021-01-23,"$ 14455.37 CAD",10306,1154,16692,14455.37
"754",753,2021-01-24,"$ 14454.31 CAD",10307,1155,16694,14454.31
"755",754,2021-01-25,"$ 14453.25 CAD",10308,1156,16696,14453.25
"756",755,2021-01-26,"$ 14452.19 CAD",10309,1157,16698,14452.19
"757",756,2021-01-27,"$ 14451.13 CAD",10310,1158,16700,14451.13
"758",757,2021-01-28,"$ 14450.07 CAD",10311,1159,16702,14450.07
"759",758,2021-01-29,"$ 14449.01 CAD",10312,1160,16704,14449.01
"760",759,2021-01-30,"$ 14447.95 CAD",10313,1161,16706,14447.95
"761",760,2021-01-31,"$ 14446.89 CAD",10314,1162,16708,14446.89
"762",761,2021-02-01,"$ 14445.83 CAD",10315,1163,16710,14445.83
"763",762,2021-02-02,"$ 14444.77 CAD",10316,1164,16712,14444.77
"764",763,2021-02-03,"$ 14443.71 CAD",10317,1165,16714,14443.71
"765",764,2021-02-04,"$ 14442.65 CAD",10318,1166,16716,14442.65
"766",765,2021-02-05,"$ 14441.59 CAD",10319,1167,16718,14441.59
"767",766,2021-02-06,"$ 14440.53 CAD",10320,1168,16720,14440.53
"768",767,2021-02-07,"$ 14439.47 CAD",10321,1169,16722,14439.47
"769",768,2021-02-08,"$ 14438.41 CAD",10322,1170,16724,14438.41
"770",769,2021-02-09,"$ 14437.35 CAD",10323,1171,16726,14437.35
"771",770,2021-02-10,"$ 14436.29 CAD",10324,1172,16728,14436.29
"772",771,2021-02-11,"$ 14435.23 CAD",10325,1173,16730,14435.23
"773",772,2021-02-12,"$ 14434.17 CAD",10326,1174,16732,14434.17
"774",773,2021-02-13,"$ 14433.11 CAD",10327,1175,16734,14433.11
"775",774,2021-02-14,"$ 14432.05 CAD",10328,1176,16736,14432.05
"776",775,2021-02-15,"$ 14430.99 CAD",10329,1177,16738,14430.99
"777",776,2021-02-16,"$ 14429.93 CAD",10330,1178,16740,14429.93
"778",777,2021-02-17,"$ 14428.87 CAD",10331,1179,16742,14428.87
"779",778,2021-02-18,"$ 14427.81 CAD",10332,1180,16744,14427.81
"780",779,2021-02-19,"$ 14426.75 CAD",10333,1181,16746,14426.75
"781",780,2021-02-20,"$ 14425.69 CAD",10334,1182,16748,14425.69
"782",781,2021-02-21,"$ 14424.63 CAD",10335,1183,16750,14424.63
"783",782,2021-02-22,"$ 14423.57 CAD",10336,1184,16752,14423.57
"784",783,2021-02-23,"$ 14422.51 CAD",10337,1185,16754,14422.51
"785",784,2021-02-24,"$ 14421.45 CAD",10338,1186,16756,14421.45
"786",785,2021-02-25,"$ 14420.39 CAD",10339,1187,16758,14420.39
"787",786,2021-02-26,"$ 14419.33 CAD",10340,1188,16760,14419.33
"788",787,2021-02-27,"$ 14418.27 CAD",10341,1189,16762,14418.27
"789",788,2021-02-28,"$ 14417.21 CAD",10342,1190,16764,14417.21
"790",789,2021-03-01,"$ 14416.15 CAD",10343,1191,16766,14416.15
"791",790,2021-03-02,"$ 14415.09 CAD",10344,1192,16768,14415.09
"792",791,2021-03-03,"$ 14414.03 CAD",10345,1193,16770,14414.03
"793",792,2021-03-04,"$ 14412.97 CAD",10346,1194,16772,14412.97
"794",793,2021-03-05,"$ 14411.91 CAD",10347,1195,16774,14411.91
"795",794,2021-03-06,"$ 14410.85 CAD",10348,1196,16776,14410.85
"796",795,2021-03-07,"$ 14409.79 CAD",10349,1197,16778,14409.79
"797",796,2021-03-08,"$ 14408.73 CAD",10350,1198,16780,14408.73
"798",797,2021-03-09,"$ 14407.67 CAD",10351,1199,16782,14407.67
"799",798,2021-03-10,"$ 14406.61 CAD",10352,1200,16784,14406.61
"800",799,2021-03-11,"$ 14405.55 CAD",10353,1201,16786,14405.55
"801",800,2021-03-12,"$ 14404.49 CAD",10354,1202,16788,14404.49
"802",801,2021-03-13,"$ 14403.43 CAD",10355,1203,16790,14403.43
"803",802,2021-03-14,"$ 14402.37 CAD",10356,1204,16792,14402.37
"804",803,2021-03-15,"$ 14401.31 CAD",10357,1205,16794,14401.31
"805",804,2021-03-16,"$ 14400.25 CAD",10358,1206,16796,14400.25
"806",805,2021-03-17,"$ 14399.19 CAD",10359,1207,16798,14399.19
"807",806,2021-03-18,"$ 14398.13 CAD",10360,1208,16800,14398.13
"808",807,2021-03-19,"$ 14397.07 CAD",10361,1209,16802,14397.07
"809",808,2021-03-20,"$ 14396.01 CAD",10362,1210,16804,14396.01
"810",809,2021-03-21,"$ 14394.95 CAD",10363,1211,16806,14394.95
"811",810,2021-03-22,"$ 14393.89 CAD",10364,1212,16808,14393.89
"812",811,2021-03-23,"$ 14392.83 CAD",10365,1213,16810,14392.83
"813",812,2021-03-24,"$ 14391.77 CAD",10366,1214,16812,14391.77
"814",813,2021-03-25,"$ 14390.71 CAD",10367,1215,16814,14390.71
"815",814,2021-03-26,"$ 14389.65 CAD",10368,1216,16816,14389.65
"816",815,2021-03-27,"$ 14388.59 CAD",10369,1217,16818,14388.59
"817",816,2021-03-28,"$ 14387.53 CAD",10370,1218,16820,14387.53
"818",817,2021-03-29,"$ 14386.47 CAD",10371,1219,16822,14386.47
"819",818,2021-03-30,"$ 14385.41 CAD",10372,1220,16824,14385.41
"820",819,2021-03-31,"$ 14384.35 CAD",10373,1221,16826,14384.35
"821",820,2021-04-01,"$ 14383.29 CAD",10374,1222,16828,14383.29
"822",821,2021-04-02,"$ 14382.23 CAD",10375,1223,16830,14382.23
"823",822,2021-04-03,"$ 14381.17 CAD",10376,1224,16832,14381.17
"824",823,2021-04-04,"$ 14380.11 CAD",10377,1225,16834,14380.11
"825",824,2021-04-05,"$ 14379.05 CAD",10378,1226,16836,14379.05
"826",825,2021-04-06,"$ 14377.99 CAD",10379,1227,16838,14377.99
"827",826,2021-04-07,"$ 14376.93 CAD",10380,1228,16840,14376.93
"828",827,2021-04-08,"$ 14375.87 CAD",10381,1229,16842,14375.87
"829",828,2021-04-09,"$ 14374.81 CAD",10382,1230,16844,14374.81
"830",829,2021-04-10,"$ 14373.75 CAD",10383,1231,16846,14373.75
"831",830,2021-04-11,"$ 14372.69 CAD",10384,1232,16848,14372.69
"832",831,2021-04-12,"$ 14371.63 CAD",10385,1233,16850,14371.63
"833",832,2021-04-13,"$ 14370.57 CAD",10386,1234,16852,14370.57
"834",833,2021-04-14,"$ 14369.51 CAD",10387,1235,16854,14369.51
"835",834,2021-04-15,"$ 14368.45 CAD",10388,1236,16856,14368.45
"836",835,2021-04-16,"$ 14367.39 CAD",10389,1237,16858,14367.39
"837",836,2021-04-17,"$ 14366.33 CAD",10390,1238,16860,14366.33
"838",837,2021-04-18,"$ 14365.27 CAD",10391,1239,16862,14365.27
"839",838,2021-04-19,"$ 14364.21 CAD",10392,1240,16864,14364.21
"840",839,2021-04-20,"$ 14363.15 CAD",10393,1241,16866,14363.15
"841",840,2021-04-21,"$ 14362.09 CAD",10394,1242,16868,14362.09
"842",841,2021-04-22,"$ 14361.03 CAD",10395,1243,16870,14361.03
"843",842,2021-04-23,"$ 14359.97 CAD",10396,1244,16872,14359.97
"844",843,2021-04-24,"$ 14358.91 CAD",10397,1245,16874,14358.91
"845",844,2021-04-25,"$ 14357.85 CAD",10398,1246,16876,14357.85
"846",845,2021-04-26,"$ 14356.79 CAD",10399,1247,16878,14356.79
"847",846,2021-04-27,"$ 14355.73 CAD",10400,1248,16880,14355.73
"848",847,2021-04-28,"$ 14354.67 CAD",10401,1249,16882,14354.67
"849",848,2021-04-29,"$ 14353.61 CAD",10402,1250,16884,14353.61
"850",849,2021-04-30,"$ 14352.55 CAD",10403,1251,16886,14352.55
"851",850,2021-05-01,"$ 14351.49 CAD",10404,1252,16888,14351.49
"852",851,2021-05-02,"$ 14350.43 CAD",10405,1253,16890,14350.43
"853",852,2021-05-03,"$ 14349.37 CAD",10406,1254,16892,14349.37
"854",853,2021-05-04,"$ 14348.31 CAD",10407,1255,16894,14348.31
"855",854,2021-05-05,"$ 14347.25 CAD",10408,1256,16896,14347.25
"856",855,2021-05-06,"$ 14346.19 CAD",10409,1257,16898,14346.19
"857",856,2021-05-07,"$ 14345.13 CAD",10410,1258,16900,14345.13
"858",857,2021-05-08,"$ 14344.07 CAD",10411,1259,16902,14344.07
"859",858,2021-05-09,"$ 14343.01 CAD",10412,1260,16904,14343.01
"860",859,2021-05-10,"$ 14341.95 CAD",10413,1261,16906,14341.95
"861",860,2021-05-11,"$ 14340.89 CAD",10414,1262,16908,14340.89
"862",861,2021-05-12,"$ 14339.83 CAD",10415,1263,16910,14339.83
"863",862,2021-05-13,"$ 14338.77 CAD",10416,1264,16912,14338.77
"864",863,2021-05-14,"$ 14337.71 CAD",10417,1265,16914,14337.71
"865",864,2021-05-15,"$ 14336.65 CAD",10418,1266,16916,14336.65
"866",865,2021-05-16,"$ 14335.59 CAD",10419,1267,16918,14335.59
"867",866,2021-05-17,"$ 14334.53 CAD",10420,1268,16920,14334.53
"868",867,2021-05-18,"$ 14333.47 CAD",10421,1269,16922,14333.47
"869",868,2021-05-19,"$ 14332.41 CAD",10422,1270,16924,14332.41
"870",869,2021-05-20,"$ 14331.35 CAD",10423,1271,16926,14331.35
"871",870,2021-05-21,"$ 14330.29 CAD",10424,1272,16928,14330.29
"872",871,2021-05-22,"$ 14329.23 CAD",10425,1273,16930,14329.23
"873",872,2021-05-23,"$ 14328.17 CAD",10426,1274,16932,14328.17
"874",873,2021-05-24,"$ 14327.11 CAD",10427,1275,16934,14327.11
"875",874,2021-05-25,"$ 14326.05 CAD",10428,1276,16936,14326.05
"876",875,2021-05-26,"$ 14324.99 CAD",10429,1277,16938,14324.99
"877",876,2021-05-27,"$ 14323.93 CAD",10430,1278,16940,14323.93
"878",877,2021-05-28,"$ 14322.87 CAD",10431,1279,16942,14322.87
"879",878,2021-05-29,"$ 14321.81 CAD",10432,1280,16944,14321.81
"880",879,2021-05-30,"$ 14320.75 CAD",10433,1281,16946,14320.75
"881",880,2021-05-31,"$ 14319.69 CAD",10434,1282,16948,14319.69
"882",881,2021-06-01,"$ 14318.63 CAD",10435,1283,16950,14318.63
"883",882,2021-06-02,"$ 14317.57 CAD",10436,1284,16952,14317.57
"884",883,2021-06-03,"$ 14316.51 CAD",10437,1285,16954,14316.51
"885",884,2021-06-04,"$ 14315.45 CAD",10438,1286,16956,14315.45
"886",885,2021-06-05,"$ 14314.39 CAD",10439,1287,16958,14314.39
"887",886,2021-06-06,"$ 14313.33 CAD",10440,1288,16960,14313.33
"888",887,2021-06-07,"$ 14312.27 CAD",10441,1289,16962,14312.27
"889",888,2021-06-08,"$ 14311.21 CAD",10442,1290,16964,14311.21
"890",889,2021-06-09,"$ 14310.15 CAD",10443,1291,16966,14310.15
"891",890,2021-06-10,"$ 14309.09 CAD",10444,1292,16968,14309.09
"892",891,2021-06-11,"$ 14308.03 CAD",10445,1293,16970,14308.03
"893",892,2021-06-12,"$ 14306.97 CAD",10446,1294,16972,14306.97
"894",893,2021-06-13,"$ 14305.91 CAD",10447,1295,16974,14305.91
"895",894,2021-06-14,"$ 14304.85 CAD",10448,1296,16976,14304.85
"896",895,2021-06-15,"$ 14303.79 CAD",10449,1297,16978,14303.79
"897",896,2021-06-16,"$ 14302.73 CAD",10450,1298,16980,14302.73
"898",897,2021-06-17,"$ 14301.67 CAD",10451,1299,16982,14301.67
"899",898,2021-06-18,"$ 14300.61 CAD",10452,1300,16984,14300.61
"900",899,2021-06-19,"$ 14299.55 CAD",10453,1301,16986,14299.55
"901",900,2021-06-20,"$ 14298.49 CAD",10454,1302,16988,14298.49
"902",901,2021-06-21,"$ 14297.43 CAD",10455,1303,16990,14297.43
"903",902,2021-06-22,"$ 14296.37 CAD",10456,1304,16992,14296.37
"904",903,2021-06-23,"$ 14295.31 CAD",10457,1305,16994,14295.31
"905",904,2021-06-24,"$ 14294.25 CAD",10458,1306,16996,14294.25
"906",905,2021-06-25,"$ 14293.19 CAD",10459,1307,16998,14293.19
"907",906,2021-06-26,"$ 14292.13 CAD",10460,1308,17000,14292.13
"908",907,2021-06-27,"$ 14291.07 CAD",10461,1309,17002,14291.07
"909",908,2021-06-28,"$ 14290.01 CAD",10462,1310,17004,14290.01
"910",909,2021-06-29,"$ 14288.95 CAD",10463,1311,17006,14288.95
"911",910,2021-06-30,"$ 14287.89 CAD",10464,1312,17008,14287.89
"912",911,2021-07-01,"$ 14286.83 CAD",10465,1313,17010,14286.83
"913",912,2021-07-02,"$ 14285.77 CAD",10466,1314,17012,14285.77
"914",913,2021-07-03,"$ 14284.71 CAD",10467,1315,17014,14284.71
"915",914,2021-07-04,"$ 14283.65 CAD",10468,1316,17016,14283.65
"916",915,2021-07-05,"$ 14282.59 CAD",10469,1317,17018,14282.59
"917",916,2021-07-06,"$ 14281.53 CAD",10470,1318,17020,14281.53
"918",917,2021-07-07,"$ 14280.47 CAD",10471,1319,17022,14280.47
"919",918,2021-07-08,"$ 14279.41 CAD",10472,1320,17024,14279.41
"920",919,2021-07-09,"$ 14278.35 CAD",10473,1321,17026,14278.35
"921",920,2021-07-10,"$ 14277.29 CAD",10474,1322,17028,14277.29
"922",921,2021-07-11,"$ 14276.23 CAD",10475,1323,17030,14276.23
"923",922,2021-07-12,"$ 14275.17 CAD",10476,1324,17032,14275.17
"924",923,2021-07-13,"$ 14274.11 CAD",10477,1325,17034,14274.11
"925",924,2021-07-14,"$ 14273.05 CAD",10478,1326,17036,14273.05
"926",925,2021-07-15,"$ 14271.99 CAD",10479,1327,17038,14271.99
"927",926,2021-07-16,"$ 14270.93 CAD",10480,1328,17040,14270.93
"928",927,2021-07-17,"$ 14269.87 CAD",10481,1329,17042,14269.87
"929",928,2021-07-18,"$ 14268.81 CAD",10482,1330,17044,14268.81
"930",929,2021-07-19,"$ 14267.75 CAD",10483,1331,17046,14267.75
"931",930,2021-07-20,"$ 14266.69 CAD",10484,1332,17048,14266.69
"932",931,2021-07-21,"$ 14265.63 CAD",10485,1333,17050,14265.63
"933",932,2021-07-22,"$ 14264.57 CAD",10486,1334,17052,14264.57
"934",933,2021-07-23,"$ 14263.51 CAD",10487,1335,17054,14263.51
"935",934,2021-07-24,"$ 14262.45 CAD",10488,1336,17056,14262.45
"936",935,2021-07-25,"$ 14261.39 CAD",10489,1337,17058,14261.39
"937",936,2021-07-26,"$ 14260.33 CAD",10490,1338,17060,14260.33
"938",937,2021-07-27,"$ 14259.27 CAD",10491,1339,17062,14259.27
"939",938,2021-07-28,"$ 14258.21 CAD",10492,1340,17064,14258.21
"940",939,2021-07-29,"$ 14257.15 CAD",10493,1341,17066,14257.15
"941",940,2021-07-30,"$ 14256.09 CAD",10494,1342,17068,14256.09
"942",941,2021-07-31,"$ 14255.03 CAD",10495,1343,17070,14255.03
"943",942,2021-08-01,"$ 14253.97 CAD",10496,1344,17072,14253.97
"944",943,2021-08-02,"$ 14252.91 CAD",10497,1345,17074,14252.91
"945",944,2021-08-03,"$ 14251.85 CAD",10498,1346,17076,14251.85
"946",945,2021-08-04,"$ 14250.79 CAD",10499,1347,17078,14250.79
"947",946,2021-08-05,"$ 14249.73 CAD",10500,1348,17080,14249.73
"948",947,2021-08-06,"$ 14248.67 CAD",10501,1349,17082,14248.67
"949",948,2021-08-07,"$ 14247.61 CAD",10502,1350,17084,14247.61
"950",949,2021-08-08,"$ 14246.55 CAD",10503,1351,17086,14246.55
"951",950,2021-08-09,"$ 14245.49 CAD",10504,1352,17088,14245.49
"952",951,2021-08-10,"$ 14244.43 CAD",10505,1353,17090,14244.43
"953",952,2021-08-11,"$ 14243.37 CAD",10506,1354,17092,14243.37
"954",953,2021-08-12,"$ 14242.31 CAD",10507,1355,17094,14242.31
"955",954,2021-08-13,"$ 14241.25 CAD",10508,1356,17096,14241.25
"956",955,2021-08-14,"$ 14240.19 CAD",10509,1357,17098,14240.19
"957",956,2021-08-15,"$ 14239.13 CAD",10510,1358,17100,14239.13
"958",957,2021-08-16,"$ 14238.07 CAD",10511,1359,17102,14238.07
"959",958,2021-08-17,"$ 14237.01 CAD",10512,1360,17104,14237.01
"960",959,2021-08-18,"$ 14235.95 CAD",10513,1361,17106,14235.95
"961",960,2021-08-19,"$ 14234.89 CAD",10514,1362,17108,14234.89
"962",961,2021-08-20,"$ 14233.83 CAD",10515,1363,17110,14233.83
"963",962,2021-08-21,"$ 14232.77 CAD",10516,1364,17112,14232.77
"964",963,2021-08-22,"$ 14231.71 CAD",10517,1365,17114,14231.71
"965",964,2021-08-23,"$ 14230.65 CAD",10518,1366,17116,14230.65
"966",965,2021-08-24,"$ 14229.59 CAD",10519,1367,17118,14229.59
"967",966,2021-08-25,"$ 14228.53 CAD",10520,1368,17120,14228.53
"968",967,2021-08-26,"$ 14227.47 CAD",10521,1369,17122,14227.47
"969",968,2021-08-27,"$ 14226.41 CAD",10522,1370,17124,14226.41
"970",969,2021-08-28,"$ 14225.35 CAD",10523,1371,17126,14225.35
"971",970,2021-08-29,"$ 14224.29 CAD",10524,1372,17128,14224.29
"972",971,2021-08-30,"$ 14223.23 CAD",10525,1373,17130,14223.23
"973",972,2021-08-31,"$ 14222.17 CAD",10526,1374,17132,14222.17
"974",973,2021-09-01,"$ 14221.11 CAD",10527,1375,17134,14221.11
"975",974,2021-09-02,"$ 14220.05 CAD",10528,1376,17136,14220.05
"976",975,2021-09-03,"$ 14218.99 CAD",10529,1377,17138,14218.99
"977",976,2021-09-04,"$ 14217.93 CAD",10530,1378,17140,14217.93
"978",977,2021-09-05,"$ 14216.87 CAD",10531,1379,17142,14216.87
"979",978,2021-09-06,"$ 14215.81 CAD",10532,1380,17144,14215.81
"980",979,2021-09-07,"$ 14214.75 CAD",10533,1381,17146,14214.75
"981",980,2021-09-08,"$ 14213.69 CAD",10534,1382,17148,14213.69
"982",981,2021-09-09,"$ 14212.63 CAD",10535,1383,17150,14212.63
"983",982,2021-09-10,"$ 14211.57 CAD",10536,1384,17152,14211.57
"984",983,2021-09-11,"$ 14210.51 CAD",10537,1385,17154,14210.51
"985",984,2021-09-12,"$ 14209.45 CAD",10538,1386,17156,14209.45
"986",985,2021-09-13,"$ 14208.39 CAD",10539,1387,17158,14208.39
"987",986,2021-09-14,"$ 14207.33 CAD",10540,1388,17160,14207.33
"988",987,2021-09-15,"$ 14206.27 CAD",10541,1389,17162,14206.27
"989",988,2021-09-16,"$ 14205.21 CAD",10542,1390,17164,14205.21
"990",989,2021-09-17,"$ 14204.15 CAD",10543,1391,17166,14204.15
"991",990,2021-09-18,"$ 14203.09 CAD",10544,1392,17168,14203.09
"992",991,2021-09-19,"$ 14202.03 CAD",10545,1393,17170,14202.03
"993",992,2021-09-20,"$ 14200.97 CAD",10546,1394,17172,14200.97
"994",993,2021-09-21,"$ 14199.91 CAD",10547,1395,17174,14199.91
"995",994,2021-09-22,"$ 14198.85 CAD",10548,1396,17176,14198.85
"996",995,2021-09-23,"$ 14197.79 CAD",10549,1397,17178,14197.79
"997",996,2021-09-24,"$ 14196.73 CAD",10550,1398,17180,14196.73
"998",997,2021-09-25,"$ 14195.67 CAD",10551,1399,17182,14195.67
"999",998,2021-09-26,"$ 14194.61 CAD",10552,1400,17184,14194.61
"1000",999,2021-09-27,"$ 14193.55 CAD",10553,1401,17186,14193.55
"1001",1000,2021-09-28,"$ 14192.49 CAD",10554,1402,17188,14192.49
"1002",1001,2021-09-29,"$ 14191.43 CAD",10555,1403,17190,14191.43
"1003",1002,2021-09-30,"$ 14190.37 CAD",10556,1404,17192,14190.37
"1004",1003,2021-10-01,"$ 14261.32 CAD",10560,1405,17195,14261.32
"1005",1004,2021-10-02,"$ 14332.63 CAD",10564,1406,17198,14332.63
"1006",1005,2021-10-03,"$ 14404.29 CAD",10568,1407,17201,14404.29
"1007",1006,2021-10-04,"$ 14476.31 CAD",10572,1408,17204,14476.31
"1008",1007,2021-10-05,"$ 14548.69 CAD",10576,1409,17207,14548.69
"1009",1008,2021-10-06,"$ 14621.43 CAD",10580,1410,17210,14621.43
"1010",1009,2021-10-07,"$ 14694.54 CAD",10584,1411,17213,14694.54
"1011",1010,2021-10-08,"$ 14768.01 CAD",10588,1412,17216,14768.01
"1012",1011,2021-10-09,"$ 14841.85 CAD",10592,1413,17219,14841.85
"1013",1012,2021-10-10,"$ 14916.06 CAD",10596,1414,17222,14916.06
"1014",1013,2021-10-11,"$ 14990.64 CAD",10600,1415,17225,14990.64
"1015",1014,2021-10-12,"$ 15065.59 CAD",10604,1416,17228,15065.59
"1016",1015,2021-10-13,"$ 15140.92 CAD",10608,1417,17231,15140.92
"1017",1016,2021-10-14,"$ 15216.62 CAD",10612,1418,17234,15216.62
"1018",1017,2021-10-15,"$ 15292.7 CAD",10616,1419,17237,15292.7
"1019",1018,2021-10-16,"$ 15369.16 CAD",10620,1420,17240,15369.16
"1020",1019,2021-10-17,"$ 15446.01 CAD",10624,1421,17243,15446.01
"1021",1020,2021-10-18,"$ 15523.24 CAD",10628,1422,17246,15523.24
"1022",1021,2021-10-19,"$ 15600.86 CAD",10632,1423,17249,15600.86
"1023",1022,2021-10-20,"$ 15678.86 CAD",10636,1424,17252,15678.86
"1024",1023,2021-10-21,"$ 15757.25 CAD",10640,1425,17255,15757.25
"1025",1024,2021-10-22,"$ 15836.04 CAD",10644,1426,17258,15836.04
"1026",1025,2021-10-23,"$ 15915.22 CAD",10648,1427,17261,15915.22
"1027",1026,2021-10-24,"$ 15994.8 CAD",10652,1428,17264,15994.8
"1028",1027,2021-10-25,"$ 16074.77 CAD",10656,1429,17267,16074.77
"1029",1028,2021-10-26,"$ 16155.14 CAD",10660,1430,17270,16155.14
"1030",1029,2021-10-27,"$ 16235.92 CAD",10664,1431,17273,16235.92
"1031",1030,2021-10-28,"$ 16317.1 CAD",10668,1432,17276,16317.1
"1032",1031,2021-10-29,"$ 16398.69 CAD",10672,1433,17279,16398.69
"1033",1032,2021-10-30,"$ 16480.68 CAD",10676,1434,17282,16480.68
"1034",1033,2021-10-31,"$ 16563.08 CAD",10680,1435,17285,16563.08
"1035",1034,2021-11-01,"$ 16645.9 CAD",10684,1436,17288,16645.9
"1036",1035,2021-11-02,"$ 16729.13 CAD",10688,1437,17291,16729.13
"1037",1036,2021-11-03,"$ 16812.78 CAD",10692,1438,17294,16812.78
"1038",1037,2021-11-04,"$ 16896.84 CAD",10696,1439,17297,16896.84
"1039",1038,2021-11-05,"$ 16981.32 CAD",10700,1440,17300,16981.32
"1040",1039,2021-11-06,"$ 17066.23 CAD",10704,1441,17303,17066.23
"1041",1040,2021-11-07,"$ 17151.56 CAD",10708,1442,17306,17151.56
"1042",1041,2021-11-08,"$ 17237.32 CAD",10712,1443,17309,17237.32
"1043",1042,2021-11-09,"$ 17323.51 CAD",10716,1444,17312,17323.51
"1044",1043,2021-11-10,"$ 17410.13 CAD",10720,1445,17315,17410.13
"1045",1044,2021-11-11,"$ 17497.18 CAD",10724,1446,17318,17497.18
"1046",1045,2021-11-12,"$ 17584.67 CAD",10728,1447,17321,17584.67
"1047",1046,2021-11-13,"$ 17672.59 CAD",10732,1448,17324,17672.59
"1048",1047,2021-11-14,"$ 17760.95 CAD",10736,1449,17327,17760.95
"1049",1048,2021-11-15,"$ 17849.75 CAD",10740,1450,17330,17849.75
"1050",1049,2021-11-16,"$ 17939.0 CAD",10744,1451,17333,17939
"1051",1050,2021-11-17,"$ 18028.69 CAD",10748,1452,17336,18028.69
"1052",1051,2021-11-18,"$ 18118.83 CAD",10752,1453,17339,18118.83
"1053",1052,2021-11-19,"$ 18209.42 CAD",10756,1454,17342,18209.42
"1054",1053,2021-11-20,"$ 18300.47 CAD",10760,1455,17345,18300.47
"1055",1054,2021-11-21,"$ 18391.97 CAD",10764,1456,17348,18391.97
"1056",1055,2021-11-22,"$ 18483.93 CAD",10768,1457,17351,18483.93
"1057",1056,2021-11-23,"$ 18576.35 CAD",10772,1458,17354,18576.35
"1058",1057,2021-11-24,"$ 18669.23 CAD",10776,1459,17357,18669.23
"1059",1058,2021-11-25,"$ 18762.58 CAD",10780,1460,17360,18762.58
"1060",1059,2021-11-26,"$ 18856.39 CAD",10784,1461,17363,18856.39
"1061",1060,2021-11-27,"$ 18950.67 CAD",10788,1462,17366,18950.67
"1062",1061,2021-11-28,"$ 19045.42 CAD",10792,1463,17369,19045.42
"1063",1062,2021-11-29,"$ 19140.65 CAD",10796,1464,17372,19140.65
"1064",1063,2021-11-30,"$ 19236.35 CAD",10800,1465,17375,19236.35
"1065",1064,2021-12-01,"$ 19332.53 CAD",10804,1466,17378,19332.53
"1066",1065,2021-12-02,"$ 19429.19 CAD",10808,1467,17381,19429.19
"1067",1066,2021-12-03,"$ 19526.34 CAD",10812,1468,17384,19526.34
"1068",1067,2021-12-04,"$ 19623.97 CAD",10816,1469,17387,19623.97
"1069",1068,2021-12-05,"$ 19722.09 CAD",10820,1470,17390,19722.09
"1070",1069,2021-12-06,"$ 19820.7 CAD",10824,1471,17393,19820.7
"1071",1070,2021-12-07,"$ 19919.8 CAD",10828,1472,17396,19919.8
"1072",1071,2021-12-08,"$ 20019.4 CAD",10832,1473,17399,20019.4
"1073",1072,2021-12-09,"$ 20119.5 CAD",10836,1474,17402,20119.5
"1074",1073,2021-12-10,"$ 20220.1 CAD",10840,1475,17405,20220.1
"1075",1074,2021-12-11,"$ 20321.2 CAD",10844,1476,17408,20321.2
"1076",1075,2021-12-12,"$ 20422.81 CAD",10848,1477,17411,20422.81
"1077",1076,2021-12-13,"$ 20524.92 CAD",10852,1478,17414,20524.92
"1078",1077,2021-12-14,"$ 20627.54 CAD",10856,1479,17417,20627.54
"1079",1078,2021-12-15,"$ 20730.68 CAD",10860,1480,17420,20730.68
"1080",1079,2021-12-16,"$ 20834.33 CAD",10864,1481,17423,20834.33
"1081",1080,2021-12-17,"$ 20938.5 CAD",10868,1482,17426,20938.5
"1082",1081,2021-12-18,"$ 21043.19 CAD",10872,1483,17429,21043.19
"1083",1082,2021-12-19,"$ 21148.41 CAD",10876,1484,17432,21148.41
"1084",1083,2021-12-20,"$ 21254.15 CAD",10880,1485,17435,21254.15
"1085",1084,2021-12-21,"$ 21360.42 CAD",10884,1486,17438,21360.42
"1086",1085,2021-12-22,"$ 21467.22 CAD",10888,1487,17441,21467.22
"1087",1086,2021-12-23,"$ 21574.56 CAD",10892,1488,17444,21574.56
"1088",1087,2021-12-24,"$ 21682.43 CAD",10896,1489,17447,21682.43
"1089",1088,2021-12-25,"$ 21790.84 CAD",10900,1490,17450,21790.84
"1090",1089,2021-12-26,"$ 21899.79 CAD",10904,1491,17453,21899.79
"1091",1090,2021-12-27,"$ 22009.29 CAD",10908,1492,17456,22009.29
"1092",1091,2021-12-28,"$ 22119.34 CAD",10912,1493,17459,22119.34
"1093",1092,2021-12-29,"$ 22229.94 CAD",10916,1494,17462,22229.94
"1094",1093,2021-12-30,"$ 22341.09 CAD",10920,1495,17465,22341.09
"1095",1094,2021-12-31,"$ 22452.8 CAD",10924,1496,17468,22452.8
